location,total_deaths
Brazil,447597.36900369
Mexico,230670.30378578024
North America,945422.034451496
Russia,208468.95264623954
South America,867693.9890710382
