location,total_deaths
American Samoa,30.867816091954023
New Zealand,607.5763500931099
Palau,6.844961240310077
Singapore,705.8541882109618
