,Country,total_cases
,South Africa,2254675.227739726
,Morocco,692893.613869863
,Tunisia,557051.0051369863
,Egypt,288511.31078767125
,Ethiopia,277192.28938356164
,Libya,266642.1284246575
,Kenya,190948.96575342465
,Zambia,169220.06592465754
,Reunion,164608.04965753425
,Nigeria,162376.68321917808
