,Country,total_cases
48,South Africa,2254675.227739726
35,Morocco,692893.613869863
53,Tunisia,557051.0051369863
15,Egypt,288511.31078767125
19,Ethiopia,277192.28938356164
28,Libya,266642.1284246575
25,Kenya,190948.96575342465
56,Zambia,169220.06592465754
40,Reunion,164608.04965753425
39,Nigeria,162376.68321917808
