Country,total_cases
South Africa,2254.675227739726
Morocco,692.893613869863
Tunisia,557.0510051369863
Egypt,288.51131078767125
Ethiopia,277.19228938356164
Libya,266.6421284246575
Kenya,190.94896575342465
Zambia,169.22006592465754
Reunion,164.60804965753425
Nigeria,162.376.68321917808
