,Country,total_cases
,India,25132331.487157535
,China,8243273.49229452
,Turkey,7706629.806506849
,South Korea,7381233.773972603
,Japan,6423700.344178082
,Iran,3981433.8142123288
,Vietnam,3743345.740582192
,Indonesia,3195959.808219178
,Malaysia,2054266.4169520547
,Philippines,1970827.4828767122
