,Country,total_cases
,India,25132.331487157535
,China,8243.27349229452
,Turkey,7706.629806506849
,South Korea,7381.233773972603
,Japan,6423.700344178082
,Iran,3981.4338142123288
,Vietnam,3743.345740582192
,Indonesia,3195.959808219178
,Malaysia,2054.2664169520547
,Philippines,1970.8274828767122
