,Country,total_cases
11,India,25132331.487157535
8,China,8243273.49229452
45,Turkey,7706629.806506849
38,South Korea,7381233.773972603
16,Japan,6423700.344178082
13,Iran,3981433.8142123288
49,Vietnam,3743345.740582192
12,Indonesia,3195959.808219178
24,Malaysia,2054266.4169520547
34,Philippines,1970827.4828767122
