,Country,total_cases
15,France,13466071.043664383
16,Germany,11953037.833047945
52,United Kingdom,10486436.137842465
42,Russia,9301835.077054795
24,Italy,8749430.68578767
48,Spain,6154437.337328767
35,Netherlands,3502195.095034247
39,Poland,3152983.600171233
51,Ukraine,2633965.4015410957
9,Czechia,2123059.440068493
40,Portugal,2079277.4520547944
