,Country,total_cases
,France,13466071.043664383
,Germany,11953037.833047945
,United Kingdom,10486436.137842465
,Russia,9301835.077054795
,Italy,8749430.68578767
,Spain,6154437.337328767
,Netherlands,3502195.095034247
,Poland,3152983.600171233
,Ukraine,2633965.4015410957
,Czechia,2123059.440068493
,Portugal,2079277.4520547944
