,Country,total_cases
,France,13466.071043664383
,Germany,11953.037833047945
,United Kingdom,10486.436137842465
,Russia,9301.835077054795
,Italy,8749.43068578767
,Spain,6154.437337328767
,Netherlands,3502.195095034247
,Poland,3152.983600171233
,Ukraine,2633.9654015410957
,Czechia,2123.059440068493
,Portugal,2079.2774520547944
