,Country,total_cases
39,United States,45944150.68835616
25,Mexico,3463768.1760683763
9,Canada,1942596.2448630137
12,Cuba,540880.8767123288
11,Costa Rica,502012.59503424657
20,Guatemala,500187.71147260274
28,Panama,481987.3715753425
29,Puerto Rico,349716.9066780822
15,Dominican Republic,345408.8133561644
22,Honduras,261054.03510273973
16,El Salvador,98017.78938356164
