,Country,total_cases
,United States,45944150.68835616
,Mexico,3463768.1760683763
,Canada,1942596.2448630137
,Cuba,540880.8767123288
,Costa Rica,502012.59503424657
,Guatemala,500187.71147260274
,Panama,481987.3715753425
,Puerto Rico,349716.9066780822
,Dominican Republic,345408.8133561644
,Honduras,261054.03510273973
,El Salvador,98017.78938356164
