,Country,total_cases
,United States,45944.15068835616
,Mexico,3463.7681760683763
,Canada,1942.5962448630137
,Cuba,540.8808767123288
,Costa Rica,502.01259503424657
,Guatemala,500.18771147260274
,Panama,481.9873715753425
,Puerto Rico,349.7169066780822
,Dominican Republic,345.4088133561644
,Honduras,261.05403510273973
,El Salvador,98.01778938356164
