,Country,total_cases
0,Australia,3016.4389015410957
1,New Zealand,507.0268818493151
2,French Polynesia,36.906334760273974
3,Fiji,31.804652397260274
4,New Caledonia,25.274698630136987
5,Papua New Guinea,21.681619863013697
6,Guam,19.920673801369863
7,Solomon Islands,6.775615582191781
8,Northern Mariana Islands,4.465607876712329
9,Samoa,4.398540239726028
10,Tonga,4.345130993150685

