Country,total_cases
Australia,3016.4389015410957
New Zealand,507.0268818493151
French Polynesia,36.906334760273974
Fiji,31.804652397260274
New Caledonia,25.274698630136987
Papua New Guinea,21.681619863013697
Guam,19.920673801369863
Solomon Islands,6.775615582191781
Northern Mariana Islands,4.465607876712329
Samoa,4.398540239726028
Tonga,4.345130993150685

