,Country,total_cases
1,Australia,3016438.9015410957
11,New Zealand,507026.8818493151
4,French Polynesia,36906.334760273974
3,Fiji,31804.652397260274
10,New Caledonia,25274.698630136987
15,Papua New Guinea,21681.619863013697
5,Guam,19920.673801369863
18,Solomon Islands,6775.615582191781
13,Northern Mariana Islands,4465.607876712329
17,Samoa,4398.540239726028
20,Tonga,4345.130993150685

