,Country,total_cases
,Australia,3016438.9015410957
,New Zealand,507026.8818493151
,French Polynesia,36906.334760273974
,Fiji,31804.652397260274
,New Caledonia,25274.698630136987
,Papua New Guinea,21681.619863013697
,Guam,19920.673801369863
,Solomon Islands,6775.615582191781
,Northern Mariana Islands,4465.607876712329
,Samoa,4398.540239726028
,Tonga,4345.130993150685

