Country,total_cases
Brazil,18259.576137842465
Argentina,4897.776464102564
Colombia,3630.813515410959
Peru,2156.5207303082193
Chile,2036.1414717465753
Bolivia,523.00049229452055
Ecuador,505.05555821917806
Uruguay,431.1086344178082
Paraguay,369.1527508561644
Venezuela,294.08819520547945
French Guiana,43.64597345890411

