,Country,total_cases
2,Brazil,18259.576137842465
0,Argentina,4897.776464102564
4,Colombia,3630.813515410959
10,Peru,2156.5207303082193
3,Chile,2036.1414717465753
1,Bolivia,523.00049229452055
5,Ecuador,505.05555821917806
12,Uruguay,431.1086344178082
9,Paraguay,369.1527508561644
13,Venezuela,294.08819520547945
7,French Guiana,43.64597345890411

