Country,value
India,0.048317892
Singapore,0.105389865
South Korea,0.060693075
