Country,value
India,58.9955814
Singapore,44.18006512
South Korea,41.57143256
